FID,ID_POP_DOMIC_BAIRRO_2022,NUM_BAIRRO,BAIRRO,AREA_KM,POPULACAO,DOMICILIOS
POP_DOMIC_BAIRRO_2022.420,420,1429,Vila Ipiranga,0.00473976,144.0,71.0
POP_DOMIC_BAIRRO_2022.44,44,650,Conjunto Celso Machado,0.33132177,2238.0,867.0
POP_DOMIC_BAIRRO_2022.266,266,1261,Indaiá,0.43558356,2891.0,1616.0
POP_DOMIC_BAIRRO_2022.158,158,782,São Francisco,1.43037489,4028.0,2124.0
POP_DOMIC_BAIRRO_2022.122,122,740,Palmares,0.69759593,6431.0,2760.0
POP_DOMIC_BAIRRO_2022.470,470,1479,São Sebastião,0.0186815,413.0,146.0
POP_DOMIC_BAIRRO_2022.453,453,1462,Vila Santa Rosa,0.02877129,1092.0,441.0
POP_DOMIC_BAIRRO_2022.183,183,808,União,1.54158908,13446.0,6176.0
POP_DOMIC_BAIRRO_2022.364,364,1372,Penha,0.2144095,2069.0,881.0
POP_DOMIC_BAIRRO_2022.419,419,1428,Vila Inestan,0.02147413,626.0,267.0
POP_DOMIC_BAIRRO_2022.173,173,798,Serrano,1.08183238,10382.0,4637.0
POP_DOMIC_BAIRRO_2022.638,638,2028,Vila São Tomáz,0.21300845,3585.0,1487.0
POP_DOMIC_BAIRRO_2022.184,184,809,Universitário,0.49901781,1834.0,854.0
POP_DOMIC_BAIRRO_2022.454,454,1463,Vila Santo Antônio,0.00626149,101.0,48.0
POP_DOMIC_BAIRRO_2022.442,442,1451,Vila Paquetá,0.01090626,526.0,217.0
POP_DOMIC_BAIRRO_2022.466,466,1475,Vila Suzana II,0.00339898,95.0,36.0
POP_DOMIC_BAIRRO_2022.428,428,1437,Vila Minaslândia,0.03914705,684.0,306.0
POP_DOMIC_BAIRRO_2022.96,96,713,Liberdade,0.45696859,5126.0,2514.0
POP_DOMIC_BAIRRO_2022.62,62,671,Eymard,0.59432897,3714.0,1609.0
POP_DOMIC_BAIRRO_2022.477,477,1486,Vila São Dimas,0.00979517,212.0,115.0
POP_DOMIC_BAIRRO_2022.449,449,1458,Vila Real I,0.00245577,115.0,48.0
POP_DOMIC_BAIRRO_2022.147,147,771,Maria Goretti,0.77865825,8201.0,3441.0
POP_DOMIC_BAIRRO_2022.149,149,773,Santa Rosa,0.68813979,6261.0,2830.0
POP_DOMIC_BAIRRO_2022.34,34,639,Castelo,2.41004236,28551.0,12940.0
POP_DOMIC_BAIRRO_2022.143,143,767,Santa Inês,1.12978306,8789.0,3696.0
POP_DOMIC_BAIRRO_2022.329,329,1333,Itatiaia,0.1931686,1762.0,762.0
POP_DOMIC_BAIRRO_2022.284,284,1287,Bela Vitória,0.06887846,630.0,275.0
POP_DOMIC_BAIRRO_2022.289,289,1292,Boa União II,0.01847272,345.0,125.0
POP_DOMIC_BAIRRO_2022.133,133,754,Primeiro de Maio,0.17620449,1907.0,820.0
POP_DOMIC_BAIRRO_2022.82,82,698,Ipiranga,0.89315352,10993.0,5187.0
POP_DOMIC_BAIRRO_2022.71,71,684,Glória,1.65522309,12537.0,5595.0
POP_DOMIC_BAIRRO_2022.249,249,1172,Jardim Alvorada,0.88391806,8063.0,3519.0
POP_DOMIC_BAIRRO_2022.117,117,735,Nova Vista,0.6887479,7478.0,3204.0
POP_DOMIC_BAIRRO_2022.2,2,602,Alípio de Melo,1.18130307,7924.0,3253.0
POP_DOMIC_BAIRRO_2022.112,112,730,Nova Floresta,0.42749415,3813.0,1821.0
POP_DOMIC_BAIRRO_2022.3,3,603,Alto Caiçaras,1.06493309,6729.0,3007.0
POP_DOMIC_BAIRRO_2022.165,165,789,São Marcos,0.58382125,6283.0,2625.0
POP_DOMIC_BAIRRO_2022.388,388,1397,Urca,0.28889372,3732.0,1544.0
POP_DOMIC_BAIRRO_2022.53,53,660,Dom Joaquim,0.44989266,3015.0,1382.0
POP_DOMIC_BAIRRO_2022.459,459,1468,Vila São Paulo,0.07356767,1443.0,616.0
POP_DOMIC_BAIRRO_2022.395,395,1404,Vila Jardim Alvorada,0.23102813,3035.0,1290.0
POP_DOMIC_BAIRRO_2022.636,636,2026,Vila Viveiro,0.06948205,437.0,138.0
POP_DOMIC_BAIRRO_2022.637,637,2027,Vila Alto dos Pinheiros,0.01110516,220.0,81.0
POP_DOMIC_BAIRRO_2022.343,343,1350,Mariano de Abreu,0.17107507,3208.0,1191.0
POP_DOMIC_BAIRRO_2022.337,337,1343,Manacás,0.73193882,10560.0,4584.0
POP_DOMIC_BAIRRO_2022.397,397,1406,Vila Antena Montanhês,0.02544993,529.0,227.0
POP_DOMIC_BAIRRO_2022.167,167,791,São Paulo,0.49732403,3062.0,1412.0
POP_DOMIC_BAIRRO_2022.120,120,738,Ouro Preto,2.37163826,20580.0,9438.0
POP_DOMIC_BAIRRO_2022.450,450,1459,Vila Real II,0.01836531,575.0,250.0
POP_DOMIC_BAIRRO_2022.351,351,1359,Morro dos Macacos,0.01483013,368.0,167.0
POP_DOMIC_BAIRRO_2022.15,15,620,Boa Vista,1.25258451,15196.0,6507.0
POP_DOMIC_BAIRRO_2022.20,20,625,Cachoeirinha,1.30090064,7580.0,3543.0
POP_DOMIC_BAIRRO_2022.64,64,674,Sumaré,0.15464932,40.0,24.0
POP_DOMIC_BAIRRO_2022.358,358,1366,Novo Ouro Preto,0.03230601,523.0,190.0
POP_DOMIC_BAIRRO_2022.135,135,758,Renascença,0.86014944,7315.0,3489.0
POP_DOMIC_BAIRRO_2022.431,431,1440,Vila Nova Cachoeirinha I,0.0587892,1795.0,734.0
POP_DOMIC_BAIRRO_2022.464,464,1473,Vila Sumaré,0.06895611,2235.0,816.0
POP_DOMIC_BAIRRO_2022.177,177,802,Solimões,0.2875877,1165.0,517.0
POP_DOMIC_BAIRRO_2022.130,130,750,Planalto,2.51647663,18501.0,8157.0
POP_DOMIC_BAIRRO_2022.447,447,1456,Vila Primeiro de Maio,0.16435607,3431.0,1412.0
POP_DOMIC_BAIRRO_2022.200,200,827,Trevo,1.64492795,5417.0,2211.0
POP_DOMIC_BAIRRO_2022.352,352,1360,Vila Nossa Senhora Aparecida,0.06927471,1440.0,636.0
POP_DOMIC_BAIRRO_2022.275,275,1278,Bacurau,0.00413683,64.0,39.0
POP_DOMIC_BAIRRO_2022.408,408,1417,Vila da Paz,0.01761874,498.0,188.0
POP_DOMIC_BAIRRO_2022.410,410,1419,Vila de Sá,0.01512939,304.0,131.0
POP_DOMIC_BAIRRO_2022.199,199,824,Nova Cachoeirinha,0.54988685,4057.0,1925.0
POP_DOMIC_BAIRRO_2022.424,424,1433,Vila Maloca,0.02075896,528.0,234.0
POP_DOMIC_BAIRRO_2022.456,456,1465,Vila São Francisco,0.00340102,54.0,25.0
POP_DOMIC_BAIRRO_2022.40,40,645,Cidade Nova,0.91374119,13225.0,6334.0
POP_DOMIC_BAIRRO_2022.373,373,1382,São Benedito,0.03960697,1658.0,613.0
POP_DOMIC_BAIRRO_2022.434,434,1443,Vila Nova Cachoeirinha IV,0.01517,514.0,209.0
POP_DOMIC_BAIRRO_2022.57,57,665,Ermelinda,0.38382958,2597.0,1187.0
POP_DOMIC_BAIRRO_2022.61,61,670,Europa,0.94497018,9030.0,3873.0
POP_DOMIC_BAIRRO_2022.175,175,800,Vila SESC,0.02016965,307.0,138.0
POP_DOMIC_BAIRRO_2022.95,95,712,Letícia,0.7752998,6779.0,2959.0
POP_DOMIC_BAIRRO_2022.274,274,1276,Apolônia,0.20411978,5050.0,1992.0
POP_DOMIC_BAIRRO_2022.485,485,1495,Conjunto Capitão Eduardo,0.16968555,2668.0,1045.0
POP_DOMIC_BAIRRO_2022.202,202,829,Santa Branca,0.86747946,5640.0,2692.0
POP_DOMIC_BAIRRO_2022.104,104,721,Maria Helena,0.73472872,5606.0,2359.0
POP_DOMIC_BAIRRO_2022.473,473,1482,Zilah Spósito,0.08637804,2197.0,773.0
POP_DOMIC_BAIRRO_2022.84,84,700,Jaqueline,2.95548244,18517.0,7588.0
POP_DOMIC_BAIRRO_2022.308,308,1312,Conjunto Minascaixa,0.20987465,3916.0,1452.0
POP_DOMIC_BAIRRO_2022.162,162,786,Vila São João Batista,0.0866842,2270.0,857.0
POP_DOMIC_BAIRRO_2022.389,389,1398,Várzea da Palma,0.00547142,105.0,53.0
POP_DOMIC_BAIRRO_2022.421,421,1430,Vila Jardim Leblon,0.01377077,285.0,120.0
POP_DOMIC_BAIRRO_2022.207,207,834,Jardim Felicidade,0.81024738,14208.0,5183.0
POP_DOMIC_BAIRRO_2022.185,185,810,Venda Nova,0.76814492,2758.0,1265.0
POP_DOMIC_BAIRRO_2022.367,367,1375,Vila Piratininga Venda Nova,0.00941949,265.0,112.0
POP_DOMIC_BAIRRO_2022.74,74,688,Juliana,0.89631767,6161.0,2727.0
POP_DOMIC_BAIRRO_2022.65,65,675,Xodó-Marize,0.49331419,1361.0,567.0
POP_DOMIC_BAIRRO_2022.193,193,818,Rio Branco,1.33922631,11836.0,4968.0
POP_DOMIC_BAIRRO_2022.336,336,1341,Madri,0.14749827,978.0,392.0
POP_DOMIC_BAIRRO_2022.363,363,1371,Parque São Pedro,0.40334109,2827.0,1181.0
POP_DOMIC_BAIRRO_2022.38,38,643,Céu Azul,2.74906282,22829.0,9544.0
POP_DOMIC_BAIRRO_2022.148,148,772,Santa Mônica,2.19357322,21971.0,9567.0
POP_DOMIC_BAIRRO_2022.161,161,785,São João Batista,1.85281011,17668.0,8021.0
POP_DOMIC_BAIRRO_2022.81,81,695,Monte Azul,0.58812181,2754.0,1166.0
POP_DOMIC_BAIRRO_2022.288,288,1291,Bispo de Maura,0.01667353,282.0,118.0
POP_DOMIC_BAIRRO_2022.67,67,678,Floramar,1.05558025,8983.0,3783.0
POP_DOMIC_BAIRRO_2022.465,465,1474,Vila Suzana I,0.06481798,573.0,231.0
POP_DOMIC_BAIRRO_2022.263,263,1254,Vila Formosa,0.04362466,1260.0,528.0
POP_DOMIC_BAIRRO_2022.374,374,1383,São Damião,0.21670131,5.0,2.0
POP_DOMIC_BAIRRO_2022.29,29,634,Canaã,0.48046225,1980.0,791.0
POP_DOMIC_BAIRRO_2022.174,174,799,Serra Verde,4.04096223,11831.0,5194.0
POP_DOMIC_BAIRRO_2022.102,102,719,Mantiqueira,2.92838504,19843.0,8465.0
POP_DOMIC_BAIRRO_2022.87,87,703,Jardim dos Comerciários,2.01772576,19124.0,7772.0
POP_DOMIC_BAIRRO_2022.426,426,1435,Vila Mantiqueira,0.0266794,419.0,172.0
POP_DOMIC_BAIRRO_2022.209,209,905,Paulo VI,1.28574542,11915.0,4923.0
POP_DOMIC_BAIRRO_2022.45,45,652,Braúnas,2.00404244,1988.0,854.0
POP_DOMIC_BAIRRO_2022.332,332,1337,Lajedo,0.51494353,4966.0,2040.0
POP_DOMIC_BAIRRO_2022.312,312,1316,Conjunto Serra Verde,0.01500446,261.0,90.0
POP_DOMIC_BAIRRO_2022.213,213,967,Nova América,0.00747818,147.0,53.0
POP_DOMIC_BAIRRO_2022.181,181,806,Tupi A,0.91227665,9133.0,4034.0
POP_DOMIC_BAIRRO_2022.195,195,820,Xangri-lá,0.52596024,7.0,2.0
POP_DOMIC_BAIRRO_2022.309,309,1313,Conjunto Paulo VI,0.21456125,3216.0,1184.0
POP_DOMIC_BAIRRO_2022.283,283,1286,Beira-Linha,0.22913289,3836.0,1422.0
POP_DOMIC_BAIRRO_2022.46,46,653,Jardim Atlântico,1.1327733,1316.0,544.0
POP_DOMIC_BAIRRO_2022.322,322,1326,Flamengo,0.01320068,290.0,108.0
POP_DOMIC_BAIRRO_2022.166,166,790,Piratininga,1.70142313,20179.0,8750.0
POP_DOMIC_BAIRRO_2022.93,93,709,Lagoinha Leblon,0.52229238,5758.0,2386.0
POP_DOMIC_BAIRRO_2022.430,430,1439,Vila Nova,0.0168276,495.0,194.0
POP_DOMIC_BAIRRO_2022.299,299,1303,Cenáculo,0.32736415,3067.0,1336.0
POP_DOMIC_BAIRRO_2022.251,251,1176,Granja Werneck,9.214671,6991.0,3874.0
POP_DOMIC_BAIRRO_2022.107,107,724,Minascaixa,0.97573117,9262.0,3868.0
POP_DOMIC_BAIRRO_2022.296,296,1299,Candelária,1.01937327,8029.0,3492.0
POP_DOMIC_BAIRRO_2022.60,60,669,Etelvina Carneiro,0.30919374,2150.0,861.0
POP_DOMIC_BAIRRO_2022.10,10,615,Frei Leopoldo,0.24822214,3197.0,1363.0
POP_DOMIC_BAIRRO_2022.92,92,708,Lagoa,0.62966761,7831.0,3079.0
POP_DOMIC_BAIRRO_2022.380,380,1389,Satélite,0.13985876,437.0,170.0
POP_DOMIC_BAIRRO_2022.36,36,641,São Luíz,2.76789377,4525.0,1837.0
POP_DOMIC_BAIRRO_2022.427,427,1436,Vila Maria,0.12305843,4665.0,1824.0
POP_DOMIC_BAIRRO_2022.462,462,1471,Vila Satélite,0.01252122,280.0,97.0
POP_DOMIC_BAIRRO_2022.342,342,1349,Maria Teresa,0.89379181,911.0,393.0
POP_DOMIC_BAIRRO_2022.210,210,906,Capitão Eduardo,3.41394434,631.0,263.0
POP_DOMIC_BAIRRO_2022.188,188,813,Vila Clóris,0.87526218,6395.0,2869.0
POP_DOMIC_BAIRRO_2022.483,483,1493,Jardim Leblon,0.7408322,9265.0,3943.0
POP_DOMIC_BAIRRO_2022.412,412,1421,Vila dos Anjos,0.03145231,746.0,257.0
POP_DOMIC_BAIRRO_2022.136,136,759,Ribeiro de Abreu,2.1380846,15524.0,6459.0
POP_DOMIC_BAIRRO_2022.259,259,1247,Tupi B,1.30748325,13397.0,5570.0
POP_DOMIC_BAIRRO_2022.182,182,807,Garças,1.25025215,1228.0,457.0
POP_DOMIC_BAIRRO_2022.83,83,699,Itapoã,1.62991258,9938.0,4519.0
POP_DOMIC_BAIRRO_2022.115,115,733,Nova Pampulha,0.03873658,309.0,121.0
POP_DOMIC_BAIRRO_2022.348,348,1356,Mirante,0.01253575,496.0,195.0
POP_DOMIC_BAIRRO_2022.139,139,762,Santa Amélia,2.21639592,20449.0,8958.0
POP_DOMIC_BAIRRO_2022.201,201,828,Copacabana,1.44269605,14650.0,6074.0
POP_DOMIC_BAIRRO_2022.27,27,632,Campo Alegre,0.2171249,2469.0,923.0
POP_DOMIC_BAIRRO_2022.311,311,1315,Conjunto São Francisco de Assis,0.0140447,364.0,133.0
POP_DOMIC_BAIRRO_2022.170,170,794,São Tomáz,0.18472438,2208.0,1012.0
POP_DOMIC_BAIRRO_2022.255,255,1240,Nazaré,0.78444197,7716.0,3282.0
POP_DOMIC_BAIRRO_2022.55,55,662,Dona Clara,0.7915943,9126.0,3885.0
POP_DOMIC_BAIRRO_2022.641,641,2031,Vila Verde,0.00768973,58.0,22.0
POP_DOMIC_BAIRRO_2022.642,642,2032,Cristo Rei,0.0096148,312.0,150.0
POP_DOMIC_BAIRRO_2022.393,393,1402,Vila Aeroporto Jaraguá,0.01042125,428.0,162.0
POP_DOMIC_BAIRRO_2022.187,187,812,Goiânia,1.95297292,15219.0,6550.0
POP_DOMIC_BAIRRO_2022.318,318,1322,Vila Esplanada,0.03488033,898.0,361.0
POP_DOMIC_BAIRRO_2022.287,287,1290,Biquinhas,0.06185317,1688.0,663.0
POP_DOMIC_BAIRRO_2022.254,254,1239,Belmonte,0.482753,2606.0,1104.0
POP_DOMIC_BAIRRO_2022.349,349,1357,Mirtes,0.01300075,326.0,115.0
POP_DOMIC_BAIRRO_2022.398,398,1407,Vila Átila de Paiva,0.0462582,1351.0,532.0
POP_DOMIC_BAIRRO_2022.252,252,1202,Vista do Sol,0.31760618,5562.0,2260.0
POP_DOMIC_BAIRRO_2022.375,375,1384,São Gonçalo,0.2434525,2322.0,970.0
POP_DOMIC_BAIRRO_2022.134,134,756,Providência,0.71243402,6957.0,2930.0
POP_DOMIC_BAIRRO_2022.324,324,1328,Grotinha,0.01346452,298.0,113.0
POP_DOMIC_BAIRRO_2022.365,365,1373,São Francisco das Chagas,0.02774002,620.0,237.0
POP_DOMIC_BAIRRO_2022.392,392,1401,Vila Aeroporto,0.0757205,931.0,358.0
POP_DOMIC_BAIRRO_2022.159,159,783,São Gabriel,1.99804331,13399.0,5922.0
POP_DOMIC_BAIRRO_2022.108,108,725,Minaslândia,0.79242013,6379.0,2803.0
POP_DOMIC_BAIRRO_2022.639,639,2029,Vila Nova Cintra,0.00597402,108.0,45.0
POP_DOMIC_BAIRRO_2022.640,640,2030,Jardim Getsemani,0.35971739,2028.0,822.0
POP_DOMIC_BAIRRO_2022.1,1,600,Aarão Reis,0.35332474,2844.0,1229.0
POP_DOMIC_BAIRRO_2022.85,85,701,Jaraguá,0.50489819,4670.0,1950.0
POP_DOMIC_BAIRRO_2022.54,54,661,Dom Silvério,0.50288528,4456.0,1956.0
POP_DOMIC_BAIRRO_2022.310,310,1314,Conjunto Providência,0.01372713,318.0,137.0
POP_DOMIC_BAIRRO_2022.385,385,1394,Três Marias,0.03615868,728.0,319.0
POP_DOMIC_BAIRRO_2022.451,451,1460,Vila Rica,0.02886403,229.0,97.0
POP_DOMIC_BAIRRO_2022.305,305,1309,Conjunto Floramar,0.02372254,885.0,308.0
POP_DOMIC_BAIRRO_2022.360,360,1368,Novo Tupi,0.31254394,3170.0,1150.0
POP_DOMIC_BAIRRO_2022.215,215,1043,Ipê,0.48816856,4527.0,1867.0
POP_DOMIC_BAIRRO_2022.129,129,749,Pirajá,0.25164606,3155.0,1322.0
POP_DOMIC_BAIRRO_2022.125,125,743,Paquetá,1.45668087,10041.0,4403.0
POP_DOMIC_BAIRRO_2022.307,307,1311,Conjunto Lagoa,0.07284068,541.0,211.0
POP_DOMIC_BAIRRO_2022.73,73,687,Guarani,0.72995313,7087.0,3016.0
POP_DOMIC_BAIRRO_2022.404,404,1413,Vila Copacabana,0.02405451,420.0,161.0
POP_DOMIC_BAIRRO_2022.256,256,1241,Beija Flor,0.92749113,1881.0,759.0
POP_DOMIC_BAIRRO_2022.204,204,831,Jardim Vitória,5.42112372,16135.0,6605.0
POP_DOMIC_BAIRRO_2022.77,77,691,Heliópolis,0.65821309,7437.0,3277.0
POP_DOMIC_BAIRRO_2022.247,247,1170,Novo Aarão Reis,0.5521294,7606.0,3025.0
POP_DOMIC_BAIRRO_2022.131,131,751,Pompéia,0.59090431,5246.0,2276.0
POP_DOMIC_BAIRRO_2022.5,5,605,Álvaro Camargos,0.20626275,1143.0,464.0
POP_DOMIC_BAIRRO_2022.267,267,1267,Acaiaca,0.3817535,2921.0,1156.0
POP_DOMIC_BAIRRO_2022.346,346,1353,Mariquinhas,0.14645162,2858.0,992.0
POP_DOMIC_BAIRRO_2022.156,156,780,São Bernardo,0.94451444,8092.0,3316.0
POP_DOMIC_BAIRRO_2022.203,203,830,Aeroporto,2.33147504,1617.0,948.0
POP_DOMIC_BAIRRO_2022.253,253,1238,Ouro Minas,0.52530316,5096.0,2104.0
POP_DOMIC_BAIRRO_2022.78,78,692,Horto,0.38408551,3089.0,1537.0
POP_DOMIC_BAIRRO_2022.17,17,622,Bonfim,0.87964007,4010.0,2186.0
POP_DOMIC_BAIRRO_2022.306,306,1310,Conjunto Jardim Filadélfia,0.10550728,2623.0,995.0
POP_DOMIC_BAIRRO_2022.31,31,636,Carlos Prates,1.76982837,12904.0,6756.0
POP_DOMIC_BAIRRO_2022.25,25,630,Califórnia,3.41579203,6774.0,3353.0
POP_DOMIC_BAIRRO_2022.28,28,633,Campus UFMG,3.85176021,,
POP_DOMIC_BAIRRO_2022.35,35,640,São José,0.30844012,1536.0,751.0
POP_DOMIC_BAIRRO_2022.472,472,1481,Vitória,0.40771333,4496.0,1880.0
POP_DOMIC_BAIRRO_2022.325,325,1329,Guanabara,0.00172552,73.0,29.0
POP_DOMIC_BAIRRO_2022.208,208,835,Confisco,0.27599167,4089.0,1451.0
POP_DOMIC_BAIRRO_2022.290,290,1293,Boa União I,0.00694023,105.0,60.0
POP_DOMIC_BAIRRO_2022.211,211,907,Suzana,0.45160736,1758.0,781.0
POP_DOMIC_BAIRRO_2022.160,160,784,São Geraldo,1.32517395,12150.0,5090.0
POP_DOMIC_BAIRRO_2022.111,111,729,Nova Esperança,0.44371745,4087.0,1841.0
POP_DOMIC_BAIRRO_2022.401,401,1410,Vila Boa Vista,0.02776767,759.0,273.0
POP_DOMIC_BAIRRO_2022.413,413,1422,Vila Engenho Nogueira,0.0157583,193.0,82.0
POP_DOMIC_BAIRRO_2022.644,644,2034,Tiradentes,0.67729765,779.0,345.0
POP_DOMIC_BAIRRO_2022.645,645,2035,Montes Claros,0.69047561,3481.0,1376.0
POP_DOMIC_BAIRRO_2022.646,646,2036,Jardim Liberdade,0.53335146,3306.0,1285.0
POP_DOMIC_BAIRRO_2022.258,258,1246,Alto Vera Cruz,0.87448184,18941.0,7303.0
POP_DOMIC_BAIRRO_2022.257,257,1245,Granja de Freitas,0.86239441,6780.0,2584.0
POP_DOMIC_BAIRRO_2022.186,186,811,Vera Cruz,0.44834686,3564.0,1538.0
POP_DOMIC_BAIRRO_2022.647,647,2037,Vila Horto Florestal,0.00485396,76.0,25.0
POP_DOMIC_BAIRRO_2022.648,648,2038,Vila Trevo,0.01420174,334.0,126.0
POP_DOMIC_BAIRRO_2022.379,379,1388,São Vicente,0.0152193,514.0,201.0
POP_DOMIC_BAIRRO_2022.126,126,744,Paraíso,1.340783,12139.0,5392.0
POP_DOMIC_BAIRRO_2022.56,56,664,Engenho Nogueira,1.99226149,2359.0,1273.0
POP_DOMIC_BAIRRO_2022.455,455,1464,Vila Santo Antônio Barroquinha,0.03275511,381.0,160.0
POP_DOMIC_BAIRRO_2022.169,169,793,São Salvador,0.59213972,5304.0,2262.0
POP_DOMIC_BAIRRO_2022.432,432,1441,Vila Nova Cachoeirinha II,0.00690934,112.0,39.0
POP_DOMIC_BAIRRO_2022.7,7,608,Aparecida,0.9155825,8463.0,3861.0
POP_DOMIC_BAIRRO_2022.121,121,739,Padre Eustáquio,2.9747981,24674.0,12359.0
POP_DOMIC_BAIRRO_2022.196,196,821,Aparecida Sétima Seção,0.48969634,4610.0,1956.0
POP_DOMIC_BAIRRO_2022.88,88,704,Jardim Montanhês,0.59693277,4820.0,2351.0
POP_DOMIC_BAIRRO_2022.49,49,656,Coração Eucarístico,1.03943857,6505.0,3447.0
POP_DOMIC_BAIRRO_2022.448,448,1457,Vila PUC,0.00374339,72.0,28.0
POP_DOMIC_BAIRRO_2022.478,478,1487,Cidade Jardim Taquaril,2.08390156,1000.0,375.0
POP_DOMIC_BAIRRO_2022.469,469,1478,Vila União,0.01439096,744.0,320.0
POP_DOMIC_BAIRRO_2022.43,43,649,Conjunto Califórnia II,0.10893348,1841.0,884.0
POP_DOMIC_BAIRRO_2022.443,443,1452,Vila Paraíso,0.01782971,322.0,126.0
POP_DOMIC_BAIRRO_2022.141,141,765,Santa Efigênia,2.14894166,15386.0,8149.0
POP_DOMIC_BAIRRO_2022.429,429,1438,Vila Nossa Senhora do Rosário,0.02396665,526.0,208.0
POP_DOMIC_BAIRRO_2022.331,331,1336,João Alfredo,0.0183141,373.0,137.0
POP_DOMIC_BAIRRO_2022.42,42,647,Concórdia,0.91570497,8606.0,4159.0
POP_DOMIC_BAIRRO_2022.411,411,1420,Vila do Pombal,0.00375865,103.0,39.0
POP_DOMIC_BAIRRO_2022.458,458,1467,Vila São Geraldo,0.003796,158.0,63.0
POP_DOMIC_BAIRRO_2022.47,47,654,Coqueiros,0.67762213,6850.0,2863.0
POP_DOMIC_BAIRRO_2022.8,8,609,Graça,0.42511947,4866.0,2376.0
POP_DOMIC_BAIRRO_2022.422,422,1431,Vila Jardim Montanhês,0.03380868,394.0,160.0
POP_DOMIC_BAIRRO_2022.295,295,1298,Canadá,0.09201588,401.0,197.0
POP_DOMIC_BAIRRO_2022.157,157,781,São Cristóvão,0.31639222,2366.0,1355.0
POP_DOMIC_BAIRRO_2022.33,33,638,Casa Branca,0.66855862,5537.0,2189.0
POP_DOMIC_BAIRRO_2022.384,384,1393,Vila Tiradentes,0.04476108,1346.0,543.0
POP_DOMIC_BAIRRO_2022.475,475,1484,Novo Glória,0.70818539,6814.0,2816.0
POP_DOMIC_BAIRRO_2022.21,21,626,Caetano Furquim,0.02366609,458.0,167.0
POP_DOMIC_BAIRRO_2022.128,128,748,Pindorama,1.6117582,15234.0,6530.0
POP_DOMIC_BAIRRO_2022.94,94,710,Lagoinha,0.55552047,3115.0,1771.0
POP_DOMIC_BAIRRO_2022.22,22,627,Caiçara-Adelaide,0.7789744,9140.0,4209.0
POP_DOMIC_BAIRRO_2022.381,381,1390,Senhor dos Passos,0.12496584,2513.0,982.0
POP_DOMIC_BAIRRO_2022.41,41,646,Colégio Batista,0.77782878,9087.0,4549.0
POP_DOMIC_BAIRRO_2022.217,217,1133,Savassi,1.18655451,13705.0,8768.0
POP_DOMIC_BAIRRO_2022.172,172,797,Serra,1.53099296,19239.0,9668.0
POP_DOMIC_BAIRRO_2022.279,279,1282,Barão Homem de Melo I,0.00483811,123.0,45.0
POP_DOMIC_BAIRRO_2022.4,4,604,Alto dos Pinheiros,0.41008141,2777.0,1276.0
POP_DOMIC_BAIRRO_2022.468,468,1477,Vila Trinta e Um de Março,0.05576496,1242.0,508.0
POP_DOMIC_BAIRRO_2022.643,643,2033,Novo Lajedo,0.39718871,3469.0,1421.0
POP_DOMIC_BAIRRO_2022.52,52,659,Dom Cabral,0.53798321,3267.0,1483.0
POP_DOMIC_BAIRRO_2022.372,372,1381,Santana do Cafezal,0.17537091,3574.0,1324.0
POP_DOMIC_BAIRRO_2022.354,354,1362,Nossa Senhora da Conceição,0.20348438,5556.0,2270.0
POP_DOMIC_BAIRRO_2022.72,72,686,Grajaú,0.42585959,6181.0,3004.0
POP_DOMIC_BAIRRO_2022.51,51,658,Dom Bosco,1.11877574,8311.0,3666.0
POP_DOMIC_BAIRRO_2022.150,150,774,Santa Tereza,1.55698917,13247.0,6661.0
POP_DOMIC_BAIRRO_2022.37,37,642,Centro,2.02066559,14589.0,9741.0
POP_DOMIC_BAIRRO_2022.171,171,796,Saudade,0.59600096,4065.0,1721.0
POP_DOMIC_BAIRRO_2022.406,406,1415,Vila Coqueiral,0.0621183,1276.0,512.0
POP_DOMIC_BAIRRO_2022.487,487,1651,Belém,0.00161013,42.0,15.0
POP_DOMIC_BAIRRO_2022.216,216,1065,Jardim Guanabara,1.15145601,12134.0,5090.0
POP_DOMIC_BAIRRO_2022.163,163,787,Jardim São José,0.79179501,7045.0,3028.0
POP_DOMIC_BAIRRO_2022.127,127,746,Pedreira Prado Lopes,0.15071656,4332.0,1627.0
POP_DOMIC_BAIRRO_2022.323,323,1327,Grota,0.00683582,125.0,54.0
POP_DOMIC_BAIRRO_2022.58,58,666,Esplanada,0.82523455,7847.0,3529.0
POP_DOMIC_BAIRRO_2022.461,461,1470,Vila São Rafael,0.02902292,919.0,387.0
POP_DOMIC_BAIRRO_2022.313,313,1317,Conjunto Taquaril,1.09681067,14019.0,5330.0
POP_DOMIC_BAIRRO_2022.178,178,803,Taquaril,0.42168723,3739.0,1408.0
POP_DOMIC_BAIRRO_2022.335,335,1340,Lorena,0.00348584,54.0,28.0
POP_DOMIC_BAIRRO_2022.357,357,1365,Conjunto Novo Dom Bosco,0.02255388,633.0,244.0
POP_DOMIC_BAIRRO_2022.106,106,723,Minas Brasil,0.326059,3392.0,1732.0
POP_DOMIC_BAIRRO_2022.75,75,689,Gutierrez,1.2464268,16168.0,7591.0
POP_DOMIC_BAIRRO_2022.396,396,1405,Vila Antena,0.06441742,1857.0,732.0
POP_DOMIC_BAIRRO_2022.319,319,1323,Estrela,0.07384185,1534.0,528.0
POP_DOMIC_BAIRRO_2022.350,350,1358,Vila Madre Gertrudes III,0.01757461,128.0,65.0
POP_DOMIC_BAIRRO_2022.265,265,1258,Jonas Veiga,0.52425264,3113.0,1238.0
POP_DOMIC_BAIRRO_2022.218,218,1138,Bairro Novo das Indústrias,0.7536331,4560.0,1936.0
POP_DOMIC_BAIRRO_2022.6,6,607,Anchieta,0.69611103,11588.0,6103.0
POP_DOMIC_BAIRRO_2022.168,168,792,São Pedro,0.58265908,6149.0,3246.0
POP_DOMIC_BAIRRO_2022.190,190,815,Vila Paris,0.29911459,3352.0,1724.0
POP_DOMIC_BAIRRO_2022.369,369,1378,Santa Isabel,0.00576625,98.0,59.0
POP_DOMIC_BAIRRO_2022.371,371,1380,Santa Sofia,0.12780443,2828.0,1053.0
POP_DOMIC_BAIRRO_2022.486,486,1342,Mala e Cuia,0.00208651,45.0,21.0
POP_DOMIC_BAIRRO_2022.39,39,644,Cidade Jardim,0.51053915,1529.0,746.0
POP_DOMIC_BAIRRO_2022.438,438,1447,Vila Nova Gameleira III,0.01527853,144.0,64.0
POP_DOMIC_BAIRRO_2022.339,339,1346,Maravilha,0.00387372,58.0,23.0
POP_DOMIC_BAIRRO_2022.146,146,770,Santa Maria,0.7304321,6360.0,2629.0
POP_DOMIC_BAIRRO_2022.189,189,814,Vila Oeste,0.04783853,1167.0,468.0
POP_DOMIC_BAIRRO_2022.113,113,731,Nova Gameleira,1.16921128,8563.0,3841.0
POP_DOMIC_BAIRRO_2022.114,114,732,Nova Granada,0.62438894,6628.0,3231.0
POP_DOMIC_BAIRRO_2022.69,69,681,Funcionários,0.66775707,9292.0,4810.0
POP_DOMIC_BAIRRO_2022.321,321,1325,Fazendinha,0.20859885,3628.0,1367.0
POP_DOMIC_BAIRRO_2022.11,11,616,Barroca,0.23999768,2677.0,1350.0
POP_DOMIC_BAIRRO_2022.91,91,707,João Pinheiro,0.85334773,7737.0,3856.0
POP_DOMIC_BAIRRO_2022.315,315,1319,Delta,0.04538517,869.0,346.0
POP_DOMIC_BAIRRO_2022.24,24,629,Calafate,1.04423593,7159.0,3492.0
POP_DOMIC_BAIRRO_2022.402,402,1676,Vila Calafate,0.02125136,581.0,233.0
POP_DOMIC_BAIRRO_2022.9,9,612,Baleia,3.62297547,5.0,3.0
POP_DOMIC_BAIRRO_2022.403,403,1412,Vila Califórnia,0.10891016,2934.0,1252.0
POP_DOMIC_BAIRRO_2022.482,482,1492,Conjunto Califórnia I,0.29827231,3490.0,1574.0
POP_DOMIC_BAIRRO_2022.303,303,1307,Cônego Pinheiro,0.01472177,382.0,141.0
POP_DOMIC_BAIRRO_2022.304,304,1308,Cônego Pinheiro A,0.00786185,165.0,68.0
POP_DOMIC_BAIRRO_2022.347,347,1354,Marmiteiros,0.02760175,721.0,263.0
POP_DOMIC_BAIRRO_2022.116,116,734,Nova Suissa,1.25235281,14683.0,7253.0
POP_DOMIC_BAIRRO_2022.118,118,736,Novo São Lucas,0.27675612,3568.0,1684.0
POP_DOMIC_BAIRRO_2022.353,353,1361,Nossa Senhora da Aparecida,0.13410441,4269.0,1585.0
POP_DOMIC_BAIRRO_2022.152,152,776,Santo Agostinho,0.8306427,11044.0,6035.0
POP_DOMIC_BAIRRO_2022.440,440,1449,Vila Novo São Lucas,0.14027176,3657.0,1325.0
POP_DOMIC_BAIRRO_2022.123,123,741,Palmeiras,1.44720755,8465.0,3648.0
POP_DOMIC_BAIRRO_2022.338,338,1345,Vila Madre Gertrudes V,0.02009569,218.0,104.0
POP_DOMIC_BAIRRO_2022.59,59,667,Estoril,1.70425638,5577.0,2652.0
POP_DOMIC_BAIRRO_2022.300,300,1304,Chácara Leonina,0.02449258,848.0,312.0
POP_DOMIC_BAIRRO_2022.317,317,1321,Esperança,0.08285617,1794.0,659.0
POP_DOMIC_BAIRRO_2022.314,314,1318,Custodinha,0.00883018,259.0,116.0
POP_DOMIC_BAIRRO_2022.234,234,1156,Boa Viagem,0.23541328,4129.0,2721.0
POP_DOMIC_BAIRRO_2022.197,197,822,Alto Barroca,0.31520176,4397.0,2325.0
POP_DOMIC_BAIRRO_2022.326,326,1330,Guaratã,0.1000195,667.0,269.0
POP_DOMIC_BAIRRO_2022.98,98,715,Lourdes,1.25919107,17669.0,10264.0
POP_DOMIC_BAIRRO_2022.361,361,1369,Oeste,0.79116146,3913.0,1789.0
POP_DOMIC_BAIRRO_2022.356,356,1364,Nossa Senhora do Rosário,0.1757467,1333.0,551.0
POP_DOMIC_BAIRRO_2022.355,355,1363,Nossa Senhora de Fátima,0.62079637,9779.0,3744.0
POP_DOMIC_BAIRRO_2022.366,366,1374,Pindura Saia,0.00428168,160.0,62.0
POP_DOMIC_BAIRRO_2022.414,414,1423,Vila FUMEC,0.00341117,73.0,33.0
POP_DOMIC_BAIRRO_2022.328,328,1332,Imbaúbas,0.04811016,1338.0,500.0
POP_DOMIC_BAIRRO_2022.110,110,728,Nova Cintra,0.72708592,4436.0,1999.0
POP_DOMIC_BAIRRO_2022.377,377,1670,São Jorge I,0.07894836,1680.0,640.0
POP_DOMIC_BAIRRO_2022.100,100,717,Madre Gertrudes,0.53668945,3916.0,1617.0
POP_DOMIC_BAIRRO_2022.192,192,817,Virgínia,0.05682609,94.0,32.0
POP_DOMIC_BAIRRO_2022.383,383,1392,Sport Club,0.06352217,237.0,84.0
POP_DOMIC_BAIRRO_2022.32,32,637,Carmo,0.31422548,3813.0,2095.0
POP_DOMIC_BAIRRO_2022.176,176,801,Sion,1.19758729,19775.0,9431.0
POP_DOMIC_BAIRRO_2022.70,70,682,Gameleira,1.01788819,232.0,91.0
POP_DOMIC_BAIRRO_2022.164,164,788,São Lucas,0.28954348,2702.0,1369.0
POP_DOMIC_BAIRRO_2022.278,278,1281,Barão Homem de Melo III,0.00652804,130.0,56.0
POP_DOMIC_BAIRRO_2022.471,471,1480,Vila Vista Alegre,0.36973965,9867.0,4134.0
POP_DOMIC_BAIRRO_2022.269,269,1271,Alpes,0.21221122,2334.0,900.0
POP_DOMIC_BAIRRO_2022.212,212,926,Fernão Dias,0.50524898,6350.0,2751.0
POP_DOMIC_BAIRRO_2022.250,250,1173,Pousada Santo Antônio,0.39368497,2746.0,1175.0
POP_DOMIC_BAIRRO_2022.236,236,1158,Marilândia,0.15738869,1297.0,553.0
POP_DOMIC_BAIRRO_2022.221,221,1141,Araguaia,1.34373213,14568.0,6243.0
POP_DOMIC_BAIRRO_2022.224,224,1144,Santa Margarida,0.25401118,1936.0,915.0
POP_DOMIC_BAIRRO_2022.119,119,737,Olhos d'Água,3.66430775,3023.0,1158.0
POP_DOMIC_BAIRRO_2022.446,446,1455,Vila Piratininga,0.07380898,1464.0,557.0
POP_DOMIC_BAIRRO_2022.232,232,1154,Castanheira,0.39744898,5022.0,1975.0
POP_DOMIC_BAIRRO_2022.63,63,673,Vila CEMIG,0.29537108,5089.0,1964.0
POP_DOMIC_BAIRRO_2022.480,480,1490,Bairro das Indústrias I,3.66264899,7401.0,3520.0
POP_DOMIC_BAIRRO_2022.362,362,1370,Pantanal,0.04492532,403.0,172.0
POP_DOMIC_BAIRRO_2022.276,276,1279,Bairro das Indústrias II,0.19591008,1119.0,459.0
POP_DOMIC_BAIRRO_2022.103,103,720,Marajó,0.27157078,2939.0,1275.0
POP_DOMIC_BAIRRO_2022.13,13,618,Belvedere,2.9226571,7825.0,3348.0
POP_DOMIC_BAIRRO_2022.490,490,1653,Vila Vera Cruz II,0.00141796,54.0,20.0
POP_DOMIC_BAIRRO_2022.491,491,1652,Vila Vera Cruz I,0.00815144,175.0,66.0
POP_DOMIC_BAIRRO_2022.222,222,1142,Parque São José,0.33876675,3207.0,1381.0
POP_DOMIC_BAIRRO_2022.415,415,1424,Vila Havaí,0.00907998,294.0,117.0
POP_DOMIC_BAIRRO_2022.474,474,1483,Acaba Mundo,0.04033913,1520.0,540.0
POP_DOMIC_BAIRRO_2022.320,320,1324,Estrela do Oriente,1.01324991,6595.0,2927.0
POP_DOMIC_BAIRRO_2022.90,90,706,Jatobá,0.36115936,3210.0,1420.0
POP_DOMIC_BAIRRO_2022.66,66,677,Flávio Marques Lisboa,1.23861854,7340.0,3182.0
POP_DOMIC_BAIRRO_2022.229,229,1149,Miramar,0.63951419,5267.0,2262.0
POP_DOMIC_BAIRRO_2022.344,344,1351,Marieta I,0.04689199,637.0,272.0
POP_DOMIC_BAIRRO_2022.341,341,1348,Marçola,0.24848354,6025.0,2318.0
POP_DOMIC_BAIRRO_2022.154,154,778,Santo Antônio,1.30771898,20540.0,10974.0
POP_DOMIC_BAIRRO_2022.86,86,702,Jardim América,0.92831574,10163.0,4727.0
POP_DOMIC_BAIRRO_2022.19,19,624,Cabana do Pai Tomás,0.50364713,14704.0,5841.0
POP_DOMIC_BAIRRO_2022.437,437,1446,Vila Nova Gameleira II,0.05463352,1034.0,492.0
POP_DOMIC_BAIRRO_2022.436,436,1445,Vila Nova Gameleira I,0.0221411,752.0,307.0
POP_DOMIC_BAIRRO_2022.99,99,716,Luxemburgo,0.62128727,6737.0,3263.0
POP_DOMIC_BAIRRO_2022.48,48,655,Coração de Jesus,0.28414886,5064.0,2742.0
POP_DOMIC_BAIRRO_2022.214,214,1006,Monte São José,0.0353662,1013.0,359.0
POP_DOMIC_BAIRRO_2022.101,101,718,Mangabeiras,6.19253368,1714.0,654.0
POP_DOMIC_BAIRRO_2022.226,226,1146,João Paulo II,0.16480563,1395.0,690.0
POP_DOMIC_BAIRRO_2022.405,405,1414,Vila COPASA,0.00945902,244.0,93.0
POP_DOMIC_BAIRRO_2022.435,435,1444,Vila Nova dos Milionários,0.01184367,443.0,204.0
POP_DOMIC_BAIRRO_2022.467,467,1476,Vila Tirol,0.00805384,125.0,62.0
POP_DOMIC_BAIRRO_2022.142,142,766,Santa Helena,0.59131806,5156.0,2243.0
POP_DOMIC_BAIRRO_2022.97,97,714,Lindéia,2.01307802,21928.0,9707.0
POP_DOMIC_BAIRRO_2022.180,180,805,Tirol,1.75630366,11603.0,4832.0
POP_DOMIC_BAIRRO_2022.233,233,1155,Túnel de Ibirité,0.19447795,1664.0,639.0
POP_DOMIC_BAIRRO_2022.179,179,804,Teixeira Dias,0.73357891,5756.0,2332.0
POP_DOMIC_BAIRRO_2022.228,228,1148,Diamante,1.83416789,17040.0,6875.0
POP_DOMIC_BAIRRO_2022.227,227,1147,Ademar Maldonado,0.16392789,1437.0,581.0
POP_DOMIC_BAIRRO_2022.243,243,1165,Petrópolis,0.298377,2820.0,1123.0
POP_DOMIC_BAIRRO_2022.261,261,1252,Vitória da Conquista,0.09508244,1536.0,533.0
POP_DOMIC_BAIRRO_2022.444,444,1453,Vila Petrópolis,0.01110426,297.0,119.0
POP_DOMIC_BAIRRO_2022.80,80,694,Independência,0.79142154,7325.0,3063.0
POP_DOMIC_BAIRRO_2022.416,416,1425,Vila Independência I,0.14491316,2457.0,951.0
POP_DOMIC_BAIRRO_2022.417,417,1426,Vila Independência II,0.07780774,815.0,311.0
POP_DOMIC_BAIRRO_2022.270,270,1272,Alta Tensão I,0.07886689,1710.0,725.0
POP_DOMIC_BAIRRO_2022.220,220,1140,Bonsucesso,2.82029413,4605.0,1861.0
POP_DOMIC_BAIRRO_2022.237,237,1159,Santa Cecília,0.34695376,3143.0,1278.0
POP_DOMIC_BAIRRO_2022.476,476,1485,CDI Jatobá,0.87783213,1054.0,548.0
POP_DOMIC_BAIRRO_2022.376,376,1385,São João,0.06004664,1680.0,623.0
POP_DOMIC_BAIRRO_2022.334,334,1339,Leonina,0.17256436,3166.0,1104.0
POP_DOMIC_BAIRRO_2022.382,382,1391,Vila Madre Gertrudes I,0.06100896,1262.0,565.0
POP_DOMIC_BAIRRO_2022.206,206,833,Olaria,0.62979251,6599.0,2832.0
POP_DOMIC_BAIRRO_2022.302,302,1306,Comiteco,0.76625263,1661.0,609.0
POP_DOMIC_BAIRRO_2022.399,399,1408,Vila Bandeirantes,0.01963089,373.0,144.0
POP_DOMIC_BAIRRO_2022.145,145,769,Conjunto Santa Maria,0.08133005,1507.0,514.0
POP_DOMIC_BAIRRO_2022.219,219,1139,Conjunto Bonsucesso,0.0466836,730.0,269.0
POP_DOMIC_BAIRRO_2022.14,14,619,Betânia,1.31173055,10350.0,4329.0
POP_DOMIC_BAIRRO_2022.76,76,690,Havaí,1.57867111,15879.0,6915.0
POP_DOMIC_BAIRRO_2022.370,370,1379,Santa Rita de Cássia,0.15797377,4966.0,1846.0
POP_DOMIC_BAIRRO_2022.239,239,1161,Cinquentenário,0.69444671,6910.0,3216.0
POP_DOMIC_BAIRRO_2022.316,316,1320,Vila Madre Gertrudes II,0.01000499,557.0,212.0
POP_DOMIC_BAIRRO_2022.400,400,1409,Vila Barragem Santa Lúcia,0.27819936,5593.0,2071.0
POP_DOMIC_BAIRRO_2022.155,155,779,São Bento,0.9804829,2967.0,1210.0
POP_DOMIC_BAIRRO_2022.198,198,823,Pongelupe,0.23888995,2434.0,894.0
POP_DOMIC_BAIRRO_2022.260,260,1251,Vila Ecológica,0.23755483,2812.0,1045.0
POP_DOMIC_BAIRRO_2022.268,268,1270,Águas Claras,0.14602847,2493.0,975.0
POP_DOMIC_BAIRRO_2022.242,242,1164,Mangueiras,0.37513662,3624.0,1509.0
POP_DOMIC_BAIRRO_2022.262,262,1253,Silveira,0.34443095,5371.0,2460.0
POP_DOMIC_BAIRRO_2022.109,109,726,Monsenhor Messias,0.34924711,3964.0,1985.0
POP_DOMIC_BAIRRO_2022.153,153,777,Santo André,0.60801776,6144.0,2983.0
POP_DOMIC_BAIRRO_2022.79,79,693,Inconfidência,0.3454706,2681.0,1263.0
POP_DOMIC_BAIRRO_2022.418,418,1427,Vila Independência IV,0.03984984,274.0,104.0
POP_DOMIC_BAIRRO_2022.137,137,760,Sagrada Família,2.29218631,33367.0,15938.0
POP_DOMIC_BAIRRO_2022.23,23,628,Caiçaras,2.24733337,12520.0,5901.0
POP_DOMIC_BAIRRO_2022.140,140,763,Santa Cruz,1.74153593,19175.0,8654.0
POP_DOMIC_BAIRRO_2022.425,425,1677,Vila Mangueiras,0.09308178,1747.0,653.0
POP_DOMIC_BAIRRO_2022.244,244,1166,Mineirão,0.39407142,4129.0,1670.0
POP_DOMIC_BAIRRO_2022.144,144,768,Santa Lúcia,2.10141451,8317.0,3355.0
POP_DOMIC_BAIRRO_2022.124,124,742,Bandeirantes,4.77907339,6355.0,2624.0
POP_DOMIC_BAIRRO_2022.191,191,816,Maria Virgínia,0.5752292,3518.0,1484.0
POP_DOMIC_BAIRRO_2022.151,151,775,Santa Terezinha,1.47677847,14073.0,6208.0
POP_DOMIC_BAIRRO_2022.18,18,623,Buritis,3.81559542,42030.0,18760.0
POP_DOMIC_BAIRRO_2022.240,240,1162,Ernesto do Nascimento,0.18137476,1852.0,666.0
POP_DOMIC_BAIRRO_2022.225,225,1145,Átila de Paiva,0.12966099,933.0,362.0
POP_DOMIC_BAIRRO_2022.651,651,2041,Irmã Dorothy,0.02106763,527.0,206.0
POP_DOMIC_BAIRRO_2022.652,652,2042,Camilo Torres,0.01617285,419.0,146.0
POP_DOMIC_BAIRRO_2022.653,653,2043,Dandara,0.25792574,3872.0,1456.0
POP_DOMIC_BAIRRO_2022.481,481,1491,Barreiro,1.5810364,9518.0,4205.0
POP_DOMIC_BAIRRO_2022.105,105,722,Milionários,1.31790722,11188.0,4769.0
POP_DOMIC_BAIRRO_2022.439,439,1448,Vila Nova Paraíso,0.03003258,647.0,263.0
POP_DOMIC_BAIRRO_2022.512,512,1665,Alta Tensão,0.01417682,218.0,94.0
POP_DOMIC_BAIRRO_2022.513,513,1666,Alto das Antenas,0.15573925,632.0,266.0
POP_DOMIC_BAIRRO_2022.498,498,1660,Vila da Luz,0.07255253,1365.0,532.0
POP_DOMIC_BAIRRO_2022.501,501,1662,Vila São Gabriel,0.02133445,612.0,244.0
POP_DOMIC_BAIRRO_2022.620,620,1975,Vila Santa Mônica,0.05840197,1714.0,715.0
POP_DOMIC_BAIRRO_2022.68,68,679,Floresta,1.09482008,10601.0,5858.0
POP_DOMIC_BAIRRO_2022.132,132,752,Prado,1.5847706,12922.0,6710.0
POP_DOMIC_BAIRRO_2022.515,515,1675,Vila da Amizade,0.02135863,353.0,125.0
POP_DOMIC_BAIRRO_2022.506,506,1672,São Jorge III,0.2219419,2661.0,1010.0
POP_DOMIC_BAIRRO_2022.89,89,705,Jardinópolis,0.45395238,1486.0,653.0
POP_DOMIC_BAIRRO_2022.138,138,761,Salgado Filho,1.45458725,14152.0,6528.0
POP_DOMIC_BAIRRO_2022.16,16,621,Bom Jesus,0.27484255,3064.0,1432.0
POP_DOMIC_BAIRRO_2022.223,223,1143,Flávio de Oliveira,0.10986797,2187.0,945.0
POP_DOMIC_BAIRRO_2022.248,248,1171,Distrito Industrial do Jatobá,0.90836185,3278.0,1400.0
POP_DOMIC_BAIRRO_2022.282,282,1285,Vila Batik,0.01204273,223.0,90.0
POP_DOMIC_BAIRRO_2022.238,238,1160,Conjunto Jatobá,0.14073423,3270.0,1255.0
POP_DOMIC_BAIRRO_2022.649,649,2039,São Judas Tadeu,0.03362647,364.0,138.0
POP_DOMIC_BAIRRO_2022.650,650,2040,Eliana Silva,0.03506603,681.0,270.0
POP_DOMIC_BAIRRO_2022.359,359,1367,Novo Santa Cecília,0.23407067,2061.0,786.0
POP_DOMIC_BAIRRO_2022.205,205,832,Vale do Jatobá,0.64250007,7202.0,2835.0
POP_DOMIC_BAIRRO_2022.245,245,1167,Solar do Barreiro,0.74928526,5778.0,2524.0
POP_DOMIC_BAIRRO_2022.241,241,1163,Santa Rita,0.12203451,2573.0,927.0
POP_DOMIC_BAIRRO_2022.330,330,1334,Jardim do Vale,0.04535537,964.0,369.0
POP_DOMIC_BAIRRO_2022.291,291,1294,Vila Dias,0.02935823,843.0,356.0
POP_DOMIC_BAIRRO_2022.12,12,617,Barro Preto,1.15986742,5457.0,3704.0
POP_DOMIC_BAIRRO_2022.26,26,631,Camargos,1.85359424,16119.0,7500.0
POP_DOMIC_BAIRRO_2022.50,50,657,Cruzeiro,0.53063503,7198.0,3781.0
POP_DOMIC_BAIRRO_2022.246,246,1168,Pilar,1.09120844,3816.0,1606.0
POP_DOMIC_BAIRRO_2022.230,230,1150,Brasil Industrial,0.62581197,6197.0,2603.0
POP_DOMIC_BAIRRO_2022.30,30,635,Cardoso,0.9452808,9828.0,4088.0
POP_DOMIC_BAIRRO_2022.231,231,1153,Vila Pinho,0.35786196,6984.0,2653.0
POP_DOMIC_BAIRRO_2022.484,484,1494,Serra do Curral,17.38573952,437.0,198.0
POP_DOMIC_BAIRRO_2022.368,368,1376,Pirineus,0.51554891,795.0,284.0
POP_DOMIC_BAIRRO_2022.493,493,1658,Andiroba,0.02802294,976.0,397.0
POP_DOMIC_BAIRRO_2022.327,327,1331,Horto Florestal,2.04074395,5338.0,2216.0
POP_DOMIC_BAIRRO_2022.497,497,1659,Boa Esperança,0.01876576,542.0,218.0
POP_DOMIC_BAIRRO_2022.511,511,1671,São Jorge II,0.15475988,3363.0,1017.0
POP_DOMIC_BAIRRO_2022.502,502,1664,Vila Canto do Sabiá,0.01357578,379.0,145.0
POP_DOMIC_BAIRRO_2022.617,617,1972,Lagoa da Pampulha,3.13991678,,
POP_DOMIC_BAIRRO_2022.618,618,1973,Marieta II,0.00814285,264.0,106.0
POP_DOMIC_BAIRRO_2022.194,194,819,Vista Alegre,0.45956027,4205.0,1878.0
POP_DOMIC_BAIRRO_2022.235,235,1157,Itaipu,0.68037488,7191.0,2936.0
POP_DOMIC_BAIRRO_2022.621,621,1974,Ventosa,0.21943338,6708.0,2403.0
POP_DOMIC_BAIRRO_2022.264,264,1257,Corumbiara,0.05438264,1123.0,413.0
POP_DOMIC_BAIRRO_2022.510,510,1668,Ambrosina,0.0549872,632.0,275.0
POP_DOMIC_BAIRRO_2022.619,619,1976,Antônio Ribeiro de Abreu,0.03024362,211.0,95.0
POP_DOMIC_BAIRRO_2022.286,286,1289,Bernadete,0.08230295,1257.0,456.0
POP_DOMIC_BAIRRO_2022.277,277,1280,Barão Homem de Melo IV,0.04963006,1317.0,541.0
POP_DOMIC_BAIRRO_2022.387,387,1396,Universo,0.05096302,1272.0,551.0
POP_DOMIC_BAIRRO_2022.499,499,1661,Vila Ouro Minas,0.03658401,886.0,320.0
